NODE_506_length_1816_cov_17.545133_2_874_1815,gb|UWI83588.1|,313,217,4.49E-13,76.3,31.288,163,52,guanosine triphosphatase [Anguillid herpesvirus 1]
NODE_2331_length_1225_cov_5.154891_1_2_937,gb|QRE02559.1|,311,299,1.69E-159,454,76.923,299,96,hypothetical protein [Otarine gammaherpesvirus 4]
NODE_664_length_1684_cov_4.888676_1_3_1682,gb|QRE02559.1|,560,299,1.85E-30,129,31.138,334,57,hypothetical protein [Otarine gammaherpesvirus 4]
NODE_6550_length_972_cov_4.821387_1_3_971,ref|YP_010087470.1|,323,515,3.32E-35,142,30.405,296,89,ectonucleoside triphosphate diphosphohydrolase [Phascolarctid gammaherpesvirus 1] >AZB49200.1 ectonucleoside triphosphate diphosphohydrolase [Phascolarctid gammaherpesvirus 1]
NODE_2270_length_1232_cov_2.498650_1_2_922,gb|AAN18277.1|,307,426,4.56E-70,231,45.532,235,77,Bo17
NODE_2280_length_1231_cov_1.984685_1_273_1229,ref|YP_004956814.1|,318,441,2.22E-117,353,49.194,372,96,orf66 gene product [Helicoverpa zea nudivirus 2] >AEW69615.1 serine hydroxymethyltransferase [Helicoverpa zea nudivirus 2]
NODE_4395_length_1061_cov_3.111702_1_2_958,dbj|BDT62135.1|,318,365,6.67E-92,285,45.665,346,100,MAG: heat shock protein 40-like protein [Litopenaeus vannamei majanivirus Nimav-1_LVa]
NODE_7411_length_947_cov_1.364407_1_3_947,dbj|BDW09886.1|,315,511,3.30E-80,260,42.994,314,99,MAG: hypothetical protein [Marsupenaeus japonicus pemonivirus]
NODE_3394_length_922_cov_4.327091_1_15_920,dbj|BDT63165.1|,302,725,1.29E-37,150,36.25,240,78,MAG: integrase-like protein [Hemigrapsus takanoi nimavirus]
NODE_193_length_2298_cov_2.742765_2_253_2256,dbj|BDW09886.1|,667,511,4.86E-105,337,36.402,478,71,MAG: hypothetical protein [Marsupenaeus japonicus pemonivirus]
NODE_93_length_2695_cov_4.145688_1_618_2693,dbj|BDT62538.1|,691,655,6.76E-41,168,30.641,359,51,MAG: MjHSP70-2-like protein [Metapenaeus ensis majanivirus]
NODE_160_length_2395_cov_5.240545_2_947_2362,ref|YP_008438242.1|,471,402,3.96E-137,408,48.691,382,81,Tyrosine-tRNA ligase [Pandoravirus salinus] >AGO85168.1 Tyrosine-tRNA ligase [Pandoravirus salinus]
NODE_945_length_1529_cov_13.379972_1_354_1283,gb|QBK91775.1|,309,299,7.31E-60,201,37.762,286,92,MAG: mitochondrial carrier-like protein [Pithovirus LCPAC304]
NODE_125_length_2517_cov_1.878130_1_644_2515,gb|QBK92332.1|,623,574,0,587,50.687,582,90,MAG: translation initiation factor [Pithovirus LCPAC304]
NODE_445_length_1881_cov_3.602841_2_618_1700,gb|QBK89722.1|,360,228,2.87E-26,113,33.891,239,66,MAG: peptidase family M54 [Pithovirus LCPAC101]
NODE_7495_length_944_cov_5.612394_1_2_943,gb|QBK89867.1|,314,203,2.98E-61,201,48.5,200,64,MAG: zinc-finger double domain protein [Pithovirus LCPAC101]
NODE_2708_length_1184_cov_2.322672_1_255_1184,gb|QBK89867.1|,310,203,1.75E-64,209,49.215,191,62,MAG: zinc-finger double domain protein [Pithovirus LCPAC101]
NODE_2489_length_1208_cov_2.133395_1_3_941,gb|QBK89867.1|,312,203,1.53E-51,176,42.268,194,62,MAG: zinc-finger double domain protein [Pithovirus LCPAC101]
NODE_3108_length_1144_cov_4.255132_1_224_1144,gb|QBK90289.1|,306,276,1.86E-23,105,33.854,192,62,MAG: RPB3 subunit of eukaryotic RNA polymerase II [Pithovirus LCPAC102]
NODE_8167_length_927_cov_4.038462_1_1_927,gb|QBK89867.1|,309,203,4.23E-61,201,52.88,191,61,MAG: zinc-finger double domain protein [Pithovirus LCPAC101]
NODE_2940_length_944_cov_3.652491_1_3_944,gb|QBK89867.1|,314,203,2.11E-61,202,50.785,191,61,MAG: zinc-finger double domain protein [Pithovirus LCPAC101]
NODE_667_length_1683_cov_3.581946_1_28_978,gb|QBK89867.1|,316,203,2.75E-52,179,48.168,191,60,MAG: zinc-finger double domain protein [Pithovirus LCPAC101]
NODE_1100_length_1475_cov_2.430576_1_480_1475,gb|QBK89867.1|,332,203,1.69E-60,200,46.734,199,60,MAG: zinc-finger double domain protein [Pithovirus LCPAC101]
NODE_6872_length_962_cov_5.587396_1_2_961,gb|QBK89867.1|,320,203,2.36E-61,202,46.597,191,60,MAG: zinc-finger double domain protein [Pithovirus LCPAC101]
NODE_3229_length_1134_cov_5.256663_1_1_993,gb|QBK89867.1|,331,203,9.80E-64,208,50.785,191,58,MAG: zinc-finger double domain protein [Pithovirus LCPAC101]
NODE_4927_length_1033_cov_5.837719_1_1_1032,gb|QBK89867.1|,344,203,1.57E-55,188,47.12,191,56,MAG: zinc-finger double domain protein [Pithovirus LCPAC101]
NODE_6050_length_988_cov_2.607843_1_2_988,gb|QBK89867.1|,329,203,9.58E-52,177,46.739,184,56,MAG: zinc-finger double domain protein [Pithovirus LCPAC101]
NODE_4569_length_1051_cov_6.081720_1_1_1050,gb|QBK89867.1|,350,203,8.03E-54,184,48.691,191,55,MAG: zinc-finger double domain protein [Pithovirus LCPAC101]
NODE_8471_length_920_cov_4.135169_1_3_920,gb|QBK89867.1|,306,203,2.49E-45,160,45.509,167,55,MAG: zinc-finger double domain protein [Pithovirus LCPAC101]
NODE_4512_length_1055_cov_0.945396_1_2_1054,gb|QBK89867.1|,351,203,6.42E-57,192,49.738,191,54,MAG: zinc-finger double domain protein [Pithovirus LCPAC101]
NODE_7058_length_957_cov_1.117225_1_2_955,gb|QBK89867.1|,318,203,1.78E-47,166,44.186,172,54,MAG: zinc-finger double domain protein [Pithovirus LCPAC101]
NODE_3878_length_1089_cov_8.417355_1_2_1087,gb|QBK89867.1|,362,203,2.53E-52,180,40.206,194,54,MAG: zinc-finger double domain protein [Pithovirus LCPAC101]
NODE_3895_length_1088_cov_5.155119_1_1_1086,gb|QBK89867.1|,362,203,1.85E-60,201,51.832,191,53,MAG: zinc-finger double domain protein [Pithovirus LCPAC101]
NODE_2029_length_1269_cov_7.241289_1_2_1267,gb|QBK89867.1|,422,203,1.55E-27,117,31.556,225,53,MAG: zinc-finger double domain protein [Pithovirus LCPAC101]
NODE_3043_length_1151_cov_2.531068_1_2_1117,gb|QBK89867.1|,372,203,2.04E-56,191,45.55,191,51,MAG: zinc-finger double domain protein [Pithovirus LCPAC101]
NODE_3973_length_1083_cov_4.216216_1_2_1081,gb|QBK89867.1|,360,203,1.32E-28,118,38.22,191,51,MAG: zinc-finger double domain protein [Pithovirus LCPAC101]
NODE_2990_length_1156_cov_9.714010_1_3_1154,gb|QBK89867.1|,384,203,2.08E-54,186,47.644,191,50,MAG: zinc-finger double domain protein [Pithovirus LCPAC101]
NODE_1200_length_1441_cov_7.718939_1_80_1111,gb|QBK90600.1|,343,555,3.33E-09,67.8,34.444,180,50,MAG: leucine rich repeat protein [Pithovirus LCPAC104]
NODE_3435_length_1119_cov_6.332665_1_91_1119,gb|QBK89867.1|,343,203,1.18E-18,91.7,33.735,166,48,MAG: zinc-finger double domain protein [Pithovirus LCPAC101]
NODE_1831_length_1303_cov_7.289340_1_2_1198,gb|QBK89867.1|,399,203,4.12E-51,178,45.503,189,47,MAG: zinc-finger double domain protein [Pithovirus LCPAC101]
NODE_321_length_2029_cov_5.664046_1_3_1349,gb|QBK89867.1|,449,203,2.04E-62,209,49.738,191,43,MAG: zinc-finger double domain protein [Pithovirus LCPAC101]
NODE_1204_length_1439_cov_7.425645_1_218_1438,gb|QBK89867.1|,406,203,1.83E-29,122,39.429,175,43,MAG: zinc-finger double domain protein [Pithovirus LCPAC101]
NODE_1582_length_1354_cov_1.813463_1_124_1167,gb|QZB49125.1|,347,314,6.42E-44,161,36.052,233,64,PTP [Cotesia vestalis bracovirus]
NODE_296_length_2070_cov_10.919959_1_317_2068,gb|QZB49125.1|,583,314,5.34E-42,162,35.401,274,45,PTP [Cotesia vestalis bracovirus]
NODE_1599_length_1351_cov_0.825203_1_2_979,gb|QDH91349.1|,325,325,5.46E-41,153,36.923,260,77,MAG: hypothetical protein H3Bulk427771_000001
NODE_6818_length_964_cov_1.368921_1_1_963,gb|QDH91349.1|,321,325,7.08E-53,184,42.254,213,65,MAG: hypothetical protein H3Bulk427771_000001
NODE_94_length_1596_cov_1.048814_2_346_1596,emb|CAA76879.1|,416,872,0,825,96.377,414,99,pol protein [Human endogenous retrovirus K]
NODE_279_length_2101_cov_2.392424_1_3_1286,emb|CAA76885.1|,428,872,0,563,95.307,277,65,pol protein [Human endogenous retrovirus K]
NODE_605_length_1199_cov_3.897032_1_2_1066,gb|AAP06676.1|,355,523,0,568,88.125,320,90,retroviral gag protein [Human endogenous retrovirus HCML-ARV] >AAP29638.1 gag protein [Homo sapiens]
NODE_8542_length_918_cov_4.803011_1_2_916,sp|P01104.2|,305,382,0,522,83.113,302,99,RecName: Full=Transforming protein Myb [Avian myeloblastosis virus] >AAB31930.2 v-myb product
NODE_901_length_1550_cov_3.101470_1_349_1548,sp|P00527.2|,399,528,6.42E-180,519,63.613,393,98,RETRO-RecName: Full=Tyrosine-protein kinase transforming protein Yes [Y73 sarcoma virus]
NODE_1770_length_1314_cov_3.162615_1_3_935,prf||0806225A,310,812,0,538,84.106,302,97,genome Y73 [Avian sarcoma virus] -RETROVIRIDAE
NODE_132_length_2488_cov_2.316857_1_561_1697,sp|P17863.1|,378,437,6.38E-105,323,57.338,293,75,RecName: Full=Transforming protein Ski [Avian erythroblastosis virus (strain Sloan-Kettering)]
NODE_450_length_1878_cov_3.346044_1_290_1360,gb|QXV86755.1|,356,1193,5.80E-43,168,36.042,283,76,pol protein
NODE_981_length_1516_cov_2.933333_1_417_1514,ref|YP_009448811.1|,365,458,1.69E-108,333,57.823,294,79,Serine-tRNA synthetase
NODE_3013_length_1154_cov_10.121975_1_3_1076,ref|YP_009448911.1|,358,288,2.78E-32,130,31.557,244,68,Negative regulator of the PHO system [Orpheovirus IHUMI-LCC2] >SNW62609.1 Negative regulator of the PHO system [Orpheovirus IHUMI-LCC2]
NODE_919_length_1543_cov_1.445148_1_1_1542,gb|AGE49901.1|,514,871,4.56E-84,286,38.462,507,97,calcium-transporting ATPase
NODE_527_length_1800_cov_3.214413_3_863_1798,gb|AGE59732.1|,311,346,1.72E-25,112,32.468,231,68,D-lactate dehydrogenase [Acanthocystis turfacea Chlorella virus TN603.4.2]
NODE_5399_length_1013_cov_1.949552_1_6_1001,gb|AGE49771.1|,331,715,1.26E-12,78.2,32.353,170,50,helicase [Paramecium bursaria Chlorella virus Can18-4]
NODE_7845_length_935_cov_5.800983_1_1_933,gb|AET42460.1|,311,419,1.47E-34,138,40.678,177,57,zinc finger protein [Emiliania huxleyi virus 202] >AHA54280.1 hypothetical protein EhV18_00233 [Emiliania huxleyi virus 18]
NODE_301_length_2064_cov_7.449820_1_556_2064,ref|YP_009172680.1|,502,401,2.02E-50,185,30.837,454,90,dehydrogenase [Ostreococcus lucimarinus virus 2] >ALI95552.1 hypothetical protein OlV2_189c [Ostreococcus lucimarinus virus 2]
NODE_777_length_1606_cov_3.859933_1_2_1606,gb|AET43623.1|,535,623,0,760,76.809,470,88,heat shock protein 70 [Micromonas pusilla virus PL1]
NODE_6814_length_964_cov_2.039146_1_2_964,ref|YP_004061438.1|,321,630,9.27E-137,409,63.522,318,99,hypothetical protein BpV1_008c [Bathycoccus sp. RCC1105 virus BpV1] >ADQ91635.1 hypothetical protein BpV1_008c [Bathycoccus sp. RCC1105 virus BpV1]
NODE_9211_length_903_cov_6.622762_1_2_901,ref|YP_008052571.1|,300,604,3.83E-28,122,46.667,120,40,ATP-dependent zinc metalloprotease [Phaeocystis globosa virus] >AET73102.1 cell division protein FtsH [Phaeocystis globosa virus 12T] >AET73924.1 cell division protein FtsH [Phaeocystis globosa virus 14T] >AGM15564.1 ATP-dependent zinc metalloprotease [Phaeocystis globosa virus] >UYE94294.1 ATP-dependent zinc metalloprotease [Phaeocystis globosa virus]
NODE_2046_length_1267_cov_1.975567_1_154_1266,gb|AXN91142.1|,370,624,2.16E-68,234,32.329,365,99,putative zinc-finger containing protein [Namao virus]
NODE_608_length_1720_cov_4.971232_1_3_1319,gb|AXN91142.1|,438,624,5.35E-69,238,32.143,392,89,putative zinc-finger containing protein [Namao virus]-MIMIVIRIDAE
NODE_2637_length_1190_cov_3.181478_1_1_1188,gb|AXN91142.1|,396,624,5.40E-57,205,31.953,338,85,putative zinc-finger containing protein [Namao virus]
NODE_1084_length_1480_cov_4.216336_1_273_1478,gb|AYV79517.1|,401,423,1.66E-29,127,32.13,277,68,MAG: HD phosphohydrolase domain-containing protein [Faunusvirus sp.]
NODE_416_length_1911_cov_5.651955_1_3_1910,gb|AXN91142.1|,636,624,2.46E-75,261,31.591,421,65,putative zinc-finger containing protein [Namao virus]
NODE_266_length_2117_cov_7.780060_2_541_2115,gb|AYV79137.1|,525,395,5.83E-25,115,30.657,274,52,MAG: serine/threonine protein kinase [Faunusvirus sp.]
NODE_503_length_1236_cov_5.637668_1_1_1215,gb|QFG74349.1|,404,760,9.95E-168,496,55.605,446,99,Hsp90 protein [Megaviridae environmental sample]
NODE_44_length_3239_cov_45.289288_1_2_2272,gb|QFG74349.1|,756,760,0,885,58.17,765,95,Hsp90 protein [Megaviridae environmental sample]
NODE_82_length_2794_cov_25.114852_1_1_2271,gb|QFG74349.1|,756,760,0,872,56.693,762,94,Hsp90 protein [Megaviridae environmental sample]
NODE_1337_length_1066_cov_17.964021_1_1_1065,gb|QFG74349.1|,355,760,1.04E-132,404,56.906,362,89,Hsp90 protein [Megaviridae environmental sample]
NODE_917_length_1544_cov_6.720309_1_1_1122,gb|AYV82503.1|,373,570,1.90E-68,233,36.338,355,94,MAG: putative vacuolar protein sortingassociated protein 45 [Hyperionvirus sp.]
NODE_3546_length_1110_cov_4.763397_1_2_1108,gb|AYV75307.1|,369,325,3.08E-27,118,30.476,315,85,MAG: hypothetical protein Terrestrivirus1_181 [Terrestrivirus sp.]
NODE_757_length_1618_cov_9.090180_2_632_1618,gb|QBK89257.1|,328,353,1.08E-37,145,34.343,297,72,MAG: protein phosphatase 2C [Mimivirus LCMiAC02]
NODE_210_length_2232_cov_2.058740_2_266_1840,gb|AYV76323.1|,524,367,2.88E-48,179,33.439,314,55,MAG: STE/STE20/FRAY protein kinase [Terrestrivirus sp.]
NODE_10_length_4708_cov_8.209941_3_3773_4708,gb|AYV77590.1|,311,381,1.65E-14,82.4,32.278,158,50,MAG: ubiquitin carboxyl-terminal hydrolase
NODE_1139_length_1461_cov_75.695522_1_3_1358,gb|AYV75266.1|,451,225,6.27E-53,185,39.91,223,49,MAG: putative elongation factor 1-gamma-A-like [Terrestrivirus sp.]
NODE_88_length_1603_cov_12.573549_1_394_1602,gb|AYV75266.1|,403,225,7.98E-42,155,37.766,188,46,MAG: putative elongation factor 1-gamma-A-like [Terrestrivirus sp.]
NODE_1463_length_1380_cov_2.460683_1_1_1344,gb|AYV80395.1|,447,287,2.59E-26,116,32.308,195,44,MAG: putative ubiquitin carboxyl-terminal hydrolase 2-like [Harvfovirus sp.]
NODE_695_length_1656_cov_9.334853_1_52_1656,gb|QBK89257.1|,534,353,1.20E-25,117,31.884,276,41,MAG: protein phosphatase 2C [Mimivirus LCMiAC02]
NODE_1531_length_1364_cov_2.757039_1_2_1270,gb|ARF08785.1|,423,548,4.18E-104,327,40.146,411,96,glycyl-tRNA synthetase [Catovirus CTV1]
NODE_2374_length_1220_cov_8.705187_1_3_1085,gb|ARF08916.1|,360,450,3.08E-14,82.8,31.928,166,43,MEGA-serine/threonine protein kinase [Catovirus CTV1]
NODE_487_length_1832_cov_3.433080_1_198_1274,gb|QKF94091.1|,358,557,6.19E-33,137,32.065,368,99,bifunctional sulfate adenylyltransferase/adenylylsulfate kinase [Fadolivirus 1]
NODE_6225_length_982_cov_7.701510_1_2_982,gb|QKF94107.1|,327,819,7.75E-53,194,36.396,283,86,eukaryotic translation elongation factor 2 [Fadolivirus 1]
NODE_1070_length_1486_cov_19.651282_1_36_1220,gb|QKF93652.1|,394,348,1.47E-48,176,32.849,344,83,methionine aminopeptidase [Fadolivirus 1] - MIMI
NODE_262_length_2127_cov_3.682951_1_331_1824,gb|QKF94354.1|,497,360,1.25E-94,299,44.414,367,73,UTP--glucose-1-phosphate uridylyltransferase [Fadolivirus 1]
NODE_122_length_2528_cov_6.602825_1_481_2526,gb|QKF94243.1|,681,647,4.37E-44,177,33.994,353,48,dynamin GTPase [Fadolivirus 1]
NODE_5150_length_1022_cov_8.460599_1_2_1021,gb|ARF10236.1|,340,547,1.79E-98,309,50,342,99,MEGA-DNA topoisomerase IB [Hokovirus HKV1]
NODE_8511_length_919_cov_3.684211_1_2_919,gb|ARF10376.1|,306,3142,9.63E-13,78.2,30.208,192,62,hypothetical protein Hokovirus_1_255 [Hokovirus HKV1]
NODE_1966_length_1280_cov_3.056083_1_286_1278,gb|ARF10293.1|,330,693,2.57E-23,109,36.875,160,48,methionyl-tRNA synthetase [Hokovirus HKV1]
NODE_865_length_1564_cov_4.581428_1_3_1562,gb|ARF10376.1|,520,3142,2.58E-13,83.2,32.759,232,43,hypothetical protein Hokovirus_1_255 [Hokovirus HKV1]
NODE_1026_length_1503_cov_1.057887_1_244_1503,gb|ARF09631.1|,419,376,3.53E-18,94.7,33.333,183,43,leucine-rich repeat protein [Indivirus ILV1]
NODE_116_length_2580_cov_26.398943_1_2_1048,gb|ARF11691.1|,348,341,5.56E-119,355,51.304,345,97,glutamine synthetase [Klosneuvirus KNV1]
NODE_815_length_1589_cov_4.234332_1_358_1587,gb|ATZ80239.1|,409,719,6.66E-78,263,37.871,404,98,translation initiation factor IF-2 [Bodo saltans virus]
NODE_8295_length_924_cov_6.580324_1_1_900,gb|ATZ81043.1|,300,654,2.46E-35,143,33.922,283,85,dynamin-like protein [Bodo saltans virus]
NODE_654_length_1691_cov_22.389172_1_3_947,emb|VBB18706.1|,314,377,6.91E-143,416,59.295,312,99,actin-like [Yasminevirus sp. GU-2018]
NODE_685_length_1667_cov_18.901682_1_408_1427,emb|VBB18706.1|,339,377,5.25E-97,300,44.776,335,98,actin-like [Yasminevirus sp. GU-2018]
NODE_449_length_1878_cov_22.138304_1_725_1876,emb|VBB18706.1|,383,377,2.77E-169,485,59.151,377,97,actin-like [Yasminevirus sp. GU-2018]
NODE_185_length_2311_cov_6.899087_1_220_1476,emb|VBB18706.1|,418,377,5.20E-66,223,34.414,401,95,actin-like [Yasminevirus sp. GU-2018]
NODE_3079_length_1147_cov_2.069201_1_167_1135,emb|VBB18957.1|,322,1117,9.13E-33,137,30.645,310,95,calcium-transporting P-type ATPase
NODE_4802_length_1039_cov_18.025054_1_119_1039,emb|VBB17742.1|,307,544,5.16E-25,113,31.873,251,76,hypothetical protein YASMINEVIRUS_205
NODE_1988_length_1275_cov_21.414211_1_323_1273,emb|VBB17861.1|,316,231,5.77E-48,168,43.662,213,66,inorganic pyrophosphatase
NODE_7703_length_939_cov_3.056235_1_3_938,gb|URM62298.1|,312,614,2.02E-75,250,45.687,313,99,DNA gyraseDNA topoisomerase IV subunit A [Mimivirus sp.]
NODE_603_length_1727_cov_2.111457_1_408_1481,ref|YP_007354035.1|,357,214,1.15E-19,94.7,30.625,160,45,WD40 domain-containing protein [Acanthamoeba polyphaga moumouvirus] >AGC01599.1 WD40 domain-containing protein [Acanthamoeba polyphaga moumouvirus]
NODE_2354_length_1222_cov_3.997275_1_2_1072,gb|QKU33582.1|,356,356,2.82E-91,285,42.308,364,99,MEGA-phenylalanyl tRNA-synthetase [Tupanvirus deep ocean]
NODE_1896_length_1292_cov_1.502135_1_295_1290,gb|AUL79879.2|,331,326,1.92E-72,235,39.412,340,99,cathepsin Llike cysteine protease [Tupanvirus deep ocean]
NODE_827_length_1581_cov_9.547945_2_135_1580,gb|QKU33455.1|,481,422,8.28E-125,378,44.893,421,88,mimivirus translation initiation factor 2 gamma subunit [Tupanvirus deep ocean]
NODE_6321_length_979_cov_5.965035_1_1_978,gb|QKU34530.1|,326,671,5.20E-66,228,42.652,279,85,threonyl-tRNA synthetase [Tupanvirus deep ocean]
NODE_334_length_2013_cov_2.051268_2_383_1810,gb|QKU33818.1|,475,542,4.09E-80,266,37,400,83,ATP binding cassette sub family F [Tupanvirus deep ocean]
NODE_161_length_2390_cov_5.791538_1_193_2070,gb|QKU33721.1|,625,515,5.55E-175,514,50.098,511,80,lysine-tRNA synthetase [Tupanvirus deep ocean]
NODE_6888_length_962_cov_2.030916_1_3_962,gb|QKU34624.1|,320,815,2.76E-35,144,38.542,192,60,mimivirus elongation factor aef-2 [Tupanvirus deep ocean]
NODE_4554_length_1052_cov_4.154672_1_1_1050,gb|QKU34930.1|,350,361,1.02E-24,111,31.429,175,50,histone deacetylase [Tupanvirus soda lake]
NODE_3555_length_1110_cov_1.569262_1_3_1109,gb|QKU35004.1|,369,548,1.68E-23,110,37.671,146,40,cyclin domain fused to cyclin-dependent serine/threonine protein kinase [Tupanvirus soda lake]
NODE_2781_length_1177_cov_4.465909_1_2_1177,gb|QDY51984.1|,392,1468,1.90E-123,397,50.262,382,97,RNA polymerase Rpb1
NODE_1739_length_1320_cov_1.750626_1_23_1318,gb|QDY52415.1|,432,1201,3.02E-124,396,47.273,440,93,RNA polymerase Rpb2-MIMI
NODE_178_length_2329_cov_32.879529_1_1_2070,gb|QDY51980.1|,689,656,0,918,71.522,611,89,Hsp70 protein [Mimiviridae sp. ChoanoV1]
NODE_92_length_2700_cov_9.849942_1_209_2698,gb|QDY51907.1|,829,753,0,591,44.804,741,87,Hsp90 protein [Mimiviridae sp. ChoanoV1]
NODE_143_length_2456_cov_11.277088_1_2_2131,gb|QDY51980.1|,709,656,0,806,64.216,612,86,Hsp70 protein [Mimiviridae sp. ChoanoV1]
NODE_176_length_2339_cov_3.644725_1_1281_2252,ref|YP_009052252.1|,323,299,6.00E-99,301,52.852,263,80,NinI-like serine-threonine phosphatase [Aureococcus anophagefferens virus] >AII17127.1 putative serine threonine protein phosphatase [Aureococcus anophagefferens virus] >UOG94093.1 serine threonine-protein phosphatase [Aureococcus anophagefferens virus]
NODE_1542_length_1361_cov_7.850000_1_339_1361,ref|YP_009052252.1|,340,299,5.65E-99,302,52.852,263,76,NinI-like serine-threonine phosphatase [Aureococcus anophagefferens virus] >AII17127.1 putative serine threonine protein phosphatase [Aureococcus anophagefferens virus] >UOG94093.1 serine threonine-protein phosphatase [Aureococcus anophagefferens virus]
NODE_1591_length_1352_cov_4.956946_1_185_1288,gb|QCF47454.1|,367,265,6.58E-40,150,31.179,263,71,hypothetical protein
NODE_933_length_1536_cov_37.918728_1_2_1534,ref|YP_009342179.1|,511,487,1.47E-59,212,35.244,349,68,RNA-dependent DNA polymerase [Lymphocystis disease virus Sa] >AOC55195.1 RNA-dependent DNA polymerase [Lymphocystis disease virus Sa]
NODE_239_length_2169_cov_156.329590_1_2_1027,ref|YP_009342179.1|,342,487,3.99E-32,134,36.638,232,66,RNA-dependent DNA polymerase [Lymphocystis disease virus Sa] >AOC55195.1 RNA-dependent DNA polymerase [Lymphocystis disease virus Sa]
NODE_6488_length_974_cov_1.509965_1_1_972,ref|YP_073558.1|,324,483,2.25E-35,142,34.177,237,73,RNA-dependent DNA polymerase [Lymphocystis disease virus - isolate China] >AAU10897.1 RNA-dependent DNA polymerase [Lymphocystis disease virus - isolate China] >BCB67440.1 RNA-dependent DNA polymerase [Lymphocystis disease virus 2]
NODE_3636_length_1104_cov_3.569685_1_3_1103,ref|YP_008357315.1|,367,352,7.66E-39,150,39.827,231,58,matrix metalloproteinase-17-like [Invertebrate iridovirus 22] >CCV01694.1 matrix metalloproteinase-17-like [Invertebrate iridovirus 22]
NODE_6970_length_959_cov_3.916468_1_1_957,gb|QBK87492.1|,319,330,1.33E-72,235,41.538,325,99,MAG: beta-propeller fold protein [Marseillevirus LCMAC201]
NODE_792_length_1599_cov_23.280108_1_3_1208,gb|QBK87310.1|,401,406,7.54E-107,328,43.932,412,98,MEGA-MAG: chaperone protein [Marseillevirus LCMAC201]
NODE_997_length_1116_cov_4.608040_1_168_1115,gb|UOX38843.1|,316,303,1.82E-55,190,36.656,311,95,putative thioredoxin binding protein [Finch poxvirus] >UOX39178.1 putative thioredoxin binding protein [Finch poxvirus]
NODE_363_length_1980_cov_8.419042_1_1045_1980,gb|UWX11167.1|,311,328,5.01E-33,132,30.851,282,90,CRPV-058 [Crowpox virus]
NODE_70_length_2852_cov_17.112413_1_296_1471,gb|UOX38843.1|,391,303,3.51E-54,189,36.213,301,76,putative thioredoxin binding protein [Finch poxvirus] >UOX39178.1 putative thioredoxin binding protein [Finch poxvirus]
NODE_3989_length_1082_cov_5.651405_1_2_1081,WCB86873.1,360,411,1.52E-16,89.7,31.102,254,70,CPPV062 ankyrin repeat protein [Cooks petrelpox virus]
NODE_481_length_1843_cov_4.411731_1_151_1395,gb|AYP74181.1|,414,303,2.96E-110,334,54.984,311,75,putative thioredoxin binding protein [Fowlpox virus]
NODE_615_length_1714_cov_1.580665_1_60_1019,gb|QEJ79297.1|,319,337,1.54E-44,163,33.333,297,92,serine protease inhibitor-like SPI-2 [Goatpox virus] >QEJ79447.1 serine protease inhibitor-like SPI-2 [Goatpox virus] >QEJ79597.1 serine protease inhibitor-like SPI-2 [Goatpox virus]
NODE_525_length_1802_cov_6.083284_1_625_1800,gb|AYC44705.1|,391,336,3.18E-68,226,35.772,369,94,serpin-like protein [Moosepox virus GoldyGopher14]
NODE_7_length_5098_cov_32.349005_2_489_1661,ref|YP_227542.1|,390,335,1.99E-67,224,33.421,380,97,Serpin-like protein [Deerpox virus W-848-83] >ABI99322.1 serpin-like protein [Deerpox virus W-848-83]
NODE_6936_length_961_cov_1.100000_1_3_959,ref|YP_227542.1|,319,335,4.22E-34,135,31.544,298,93,Serpin-like protein [Deerpox virus W-848-83] >ABI99322.1 serpin-like protein [Deerpox virus W-848-83]
NODE_1848_length_1300_cov_10.652248_1_2_1210,ref|YP_009143498.1|,402,337,1.27E-60,207,37.36,356,88,Serpin [Raccoonpox virus] >AKJ93819.1 Serpin [Raccoonpox virus] >AOP31452.1 serpin [Raccoonpox virus]
NODE_1236_length_1430_cov_2.896868_1_1_1314,gb|UPV00275.1|,438,261,6.20E-34,136,39.13,184,42,complement binding (secreted) (Cop-C3L) [Cowpox virus]
NODE_3478_length_1115_cov_6.935614_2_200_1114,gb|UUV51980.1|,305,561,6.65E-05,53.9,30.769,130,42,Ankyrin repeat protein (25) [Monkeypox virus] >UUV52696.1 Ankyrin repeat protein (25) [Monkeypox virus] >UWO38868.1 Ankyrin repeat protein (25) [Monkeypox virus]
NODE_1322_length_1410_cov_14.051978_1_2_1132,ref|YP_008658510.1|,376,371,4.73E-55,193,34.87,347,91,2'
NODE_2779_length_1177_cov_20.417614_1_3_1175,ref|YP_009666148.1|,391,379,1.72E-161,466,58.245,376,96,POX-hypothetical protein FLA14_p101 [Diachasmimorpha longicaudata entomopoxvirus] >AAT99858.1 unknown [Diachasmimorpha longicaudata entomopoxvirus] >AKS26349.1 putative RNA helicase [Diachasmimorpha longicaudata entomopoxvirus]
NODE_235_length_2173_cov_10.738304_1_3_1250,ref|YP_009666148.1|,415,379,1.32E-162,470,57.218,381,92,POX-hypothetical protein FLA14_p101 [Diachasmimorpha longicaudata entomopoxvirus] >AAT99858.1 unknown [Diachasmimorpha longicaudata entomopoxvirus] >AKS26349.1 putative RNA helicase [Diachasmimorpha longicaudata entomopoxvirus]
NODE_1244_length_1427_cov_8.094946_1_14_1426,ref|YP_009666148.1|,470,379,8.06E-86,276,38.753,369,78,hypothetical protein FLA14_p101 [Diachasmimorpha longicaudata entomopoxvirus] >AAT99858.1 unknown [Diachasmimorpha longicaudata entomopoxvirus] >AKS26349.1 putative RNA helicase [Diachasmimorpha longicaudata entomopoxvirus]
NODE_856_length_1570_cov_10.013112_1_255_1190,ref|YP_654431.1|,311,430,2.60E-96,299,50.158,317,98,unknown [Choristoneura fumiferana granulovirus] >ABC61144.1 unknown [Choristoneura fumiferana granulovirus]
NODE_5502_length_1009_cov_3.397523_1_36_1007,ref|YP_009165762.1|,324,576,1.20E-27,122,30.864,324,95,hypothetical protein APL35_gp011 [Apis mellifera filamentous virus] >AKY03080.1 hypothetical protein AmFV_0012 [Apis mellifera filamentous virus]
NODE_26_length_3641_cov_5.334943_2_1793_3382,gb|AYV86548.1|,529,547,2.99E-125,385,40.698,516,94,MAG: hypothetical protein Sylvanvirus3_2 [Sylvanvirus sp.]
NODE_393_length_1944_cov_7.721338_1_274_1908,tpg|DAX03986.1|,544,481,9.02E-111,346,43.404,470,85,MAG TPA: Pyruvate kinase [Bacteriophage sp.]
NODE_199_length_2280_cov_3.469199_1_3_1556,gb|AYV86980.1|,517,974,4.80E-53,202,32.731,443,83,MAG: hypothetical protein Sylvanvirus16_21 [Sylvanvirus sp.]
NODE_5175_length_1021_cov_12.876667_1_59_1021,gb|UWH96912.1|,320,626,9.18E-62,215,45.122,246,77,MAG: Peptidase family M41
NODE_3722_length_1099_cov_6.195297_1_3_1097,gb|AYV86922.1|,365,310,5.47E-59,201,39.852,271,71,MAG: hypothetical protein Sylvanvirus14_7 [Sylvanvirus sp.]
NODE_131_length_2497_cov_3.561027_1_2_2095,gb|AYV86980.1|,697,974,2.13E-41,172,30.698,430,59,MAG: hypothetical protein Sylvanvirus16_21 [Sylvanvirus sp.]
NODE_1753_length_1316_cov_13.557322_1_49_1314,gb|UWH96912.1|,421,626,5.03E-60,214,44.898,245,58,MAG: Peptidase family M41
NODE_151_length_2428_cov_3.095362_1_230_2248,tpg|DAW86440.1|,672,534,1.42E-62,225,34.684,395,58,MAG TPA: ATP dependent DNA helicase [Bacteriophage sp.]
NODE_269_length_2113_cov_3.560241_1_640_1980,gb|UWH96912.1|,446,626,9.86E-58,209,43.265,245,55,MAG: Peptidase family M41
NODE_4072_length_1078_cov_3.368861_1_1_1077,gb|QYA18818.1|,359,252,1.35E-23,106,31.868,182,50,cyclin A2 [Clandestinovirus]
NODE_8731_length_914_cov_2.504414_1_1_912,gb|AYV86565.1|,304,433,8.83E-10,68.6,33.553,152,46,MAG: putative serine/threonine-protein kinase [Sylvanvirus sp.]
NODE_7026_length_958_cov_1.275986_1_3_956,gb|AYV86979.1|,318,261,6.75E-15,82,32.215,149,42,MAG: hypothetical protein Sylvanvirus16_20 [Sylvanvirus sp.]
NODE_768_length_1612_cov_4.907445_1_2_1612,tpg|DAE86202.1|,537,488,5.38E-17,93.6,30.455,220,40,MAG TPA: beta-N-acetylglucosaminidase [Bacteriophage sp.]
NODE_2607_length_1193_cov_11.965485_1_3_971,tpg|DAF45331.1|,322,735,1.03E-97,312,48.013,302,94,MAG TPA: hypothetical protein [Siphoviridae sp. ctBLh2]
NODE_657_length_1689_cov_5.391582_1_411_1688,tpg|DAD76675.1|,425,378,9.53E-107,328,44.744,371,87,MAG TPA: GTP-binding protein YchF [Siphoviridae sp. ctQJR51] >DAD76678.1 MAG TPA: GTP-binding protein YchF [Siphoviridae sp. ctQJR51] >DAF96507.1 MAG TPA: GTP-binding protein YchF [Siphoviridae sp. ctHj524] >DAF96510.1 MAG TPA: GTP-binding protein YchF [Siphoviridae sp. ctHj524]
NODE_2222_length_1239_cov_4.565295_2_95_1006,gb|QHJ75517.1|,303,219,4.65E-24,105,33.498,203,67,SNF2/RAD54 family helicase [Wolbachia phage WO]
NODE_6102_length_986_cov_3.234682_1_3_986,gb|QXF95194.1|,328,2698,4.01E-07,61.6,30.319,188,57,hypothetical protein WOSOC_0056
NODE_71_length_2851_cov_7.258242_2_720_2042,emb|CAB4162527.1|,440,454,5.79E-139,414,48.38,432,98,PncB Nicotinic acid phosphoribosyltransferase [uncultured Caudovirales phage]
NODE_30_length_1970_cov_9.458085_1_523_1962,emb|CAB4162527.1|,479,454,5.60E-147,436,47.246,472,98,PncB Nicotinic acid phosphoribosyltransferase [uncultured Caudovirales phage]
NODE_243_length_2167_cov_8.287390_1_3_1820,emb|CAB4220686.1|,605,653,0,724,63.24,574,94,DnaK Molecular chaperone [uncultured Caudovirales phage]
NODE_218_length_2219_cov_15.928503_1_428_2218,emb|CAB4133092.1|,596,541,0,546,51.763,539,90,GroL Chaperonin GroEL (HSP60 family) [uncultured Caudovirales phage]
NODE_5754_length_999_cov_7.419134_1_1_999,emb|CAB4156085.1|,333,297,2.65E-24,108,30.047,213,63,AcuC Deacetylases
NODE_1037_length_1498_cov_4.552651_1_166_1125,tpg|DAQ80399.1|,319,427,3.52E-14,82,31.553,206,63,MAG TPA: GTPase CgtA [Herelleviridae sp.]
NODE_1846_length_1300_cov_24.405428_1_2_1111,ref|YP_009213665.1|,369,354,4.13E-106,323,49.858,353,95,putative fructose-1
NODE_537_length_1788_cov_130.944811_1_320_1708,emb|CAH6419229.1|,462,468,0,726,75.269,465,100,Translation elongation factor Tu/EF-1A [uncultured virus]
NODE_31_length_1965_cov_18.817787_1_120_1364,emb|CAH6419229.1|,414,468,0,636,73.381,417,100,Translation elongation factor Tu/EF-1A [uncultured virus]
NODE_556_length_1769_cov_7.743932_1_2_955,emb|CAH6419174.1|,317,388,2.63E-141,412,66.044,321,100,S-adenosylmethionine synthetase [uncultured virus]
NODE_1535_length_1363_cov_2.609501_1_103_1362,emb|CAH6419224.1|,419,430,1.13E-123,373,47.494,419,99,Adenylosuccinate synthase [uncultured virus]
NODE_7858_length_935_cov_2.406634_1_3_935,emb|CAG7581209.1|,311,668,4.94E-34,140,33.548,310,98,MAG: putative ribonuclease [uncultured marine phage]
NODE_68_length_2866_cov_11.679053_1_1_2619,emb|CAH6420908.1|,872,817,0,905,53.721,860,97,Translation elongation factor EF-2 [uncultured virus]
NODE_350_length_1995_cov_4.900213_1_1_1293,emb|CAH6419229.1|,430,468,4.81E-110,340,39.81,422,97,Translation elongation factor Tu/EF-1A [uncultured virus]
NODE_577_length_1749_cov_5.630835_1_141_1706,gb|AQM32734.1|,521,504,5.59E-73,248,33.665,502,95,thermosome [uncultured virus]
NODE_513_length_1808_cov_14.311796_1_229_1806,gb|AQM32737.1|,525,495,3.99E-66,230,33,500,95,thermosome
NODE_66_length_2889_cov_12.907876_1_3_1634,gb|AQM32737.1|,543,495,5.49E-62,219,30.888,518,95,thermosome
NODE_575_length_1749_cov_19.288698_1_2_931,emb|CAH6421205.1|,309,387,5.35E-65,217,40.067,297,94,Translation initiation factor eIF-4A [uncultured virus]
NODE_1411_length_1391_cov_10.533071_1_3_968,emb|CAG7580296.1|,321,293,3.97E-85,266,45.608,296,92,MAG: Bifunctional protein FolD protein [uncultured marine phage]
NODE_418_length_1910_cov_10.019564_2_178_1191,emb|CAH6421520.1|,337,306,1.37E-84,266,47.987,298,88,Protein kinase [uncultured virus]
NODE_1979_length_1277_cov_4.450692_1_3_1277,emb|CAH6419008.1|,425,390,1.05E-41,160,35.6,250,57,Protein kinase [uncultured virus]
NODE_2080_length_1262_cov_3.561788_1_72_1235,emb|CAH6421217.1|,387,244,3.51E-05,54.3,31.472,197,49,Ubiquitin [uncultured virus]
NODE_1793_length_1310_cov_67.046257_1_82_1089,tpg|DAF88471.1|,335,271,4.28E-76,243,49.231,260,76,MAG TPA: glyceraldehyde-3-phosphate dehydrogenase
NODE_4260_length_1067_cov_21.863636_1_1_1065,tpg|DAT13109.1|,355,463,5.79E-55,194,42.292,253,71,MAG TPA: ATP dependent DNA helicase [Inoviridae sp.]
NODE_686_length_1664_cov_16.273493_1_187_1662,tpg|DAK32476.1|,491,458,9.74E-79,261,44.444,351,70,MAG TPA: multifunctional aminopeptidase A
NODE_655_length_1690_cov_5.664755_1_3_1688,tpg|DAT13109.1|,562,463,5.07E-78,261,39.267,382,67,MAG TPA: ATP dependent DNA helicase [Inoviridae sp.]
NODE_571_length_1211_cov_12.850459_1_3_1211,tpg|DAF88471.1|,403,271,4.90E-75,242,49.231,260,64,MAG TPA: glyceraldehyde-3-phosphate dehydrogenase
NODE_1834_length_1302_cov_7.786622_1_1_1302,tpg|DAT13109.1|,434,463,6.53E-48,178,36.749,283,64,MAG TPA: ATP dependent DNA helicase [Inoviridae sp.]
